<?xml version="1.0" encoding="utf-8" ?>
<dwsync>
<file name="add.svg" server="C:/wamp64/www/Project-TicTacToe/" local="131344027040000000" remote="131344027040000000" />
<file name="add_round.svg" server="C:/wamp64/www/Project-TicTacToe/" local="131344027040000000" remote="131344027040000000" />
<file name="add_round_fill.svg" server="C:/wamp64/www/Project-TicTacToe/" local="131344027040000000" remote="131344027040000000" />
<file name="alarm.svg" server="C:/wamp64/www/Project-TicTacToe/" local="131344027040000000" remote="131344027040000000" />
<file name="alarm_fill.svg" server="C:/wamp64/www/Project-TicTacToe/" local="131344027040000000" remote="131344027040000000" />
<file name="albums.svg" server="C:/wamp64/www/Project-TicTacToe/" local="131344027040000000" remote="131344027040000000" />
<file name="albums_fill.svg" server="C:/wamp64/www/Project-TicTacToe/" local="131344027040000000" remote="131344027040000000" />
<file name="arrow_down.svg" server="C:/wamp64/www/Project-TicTacToe/" local="131344027040000000" remote="131344027040000000" />
<file name="arrow_down_fill.svg" server="C:/wamp64/www/Project-TicTacToe/" local="131344027040000000" remote="131344027040000000" />
<file name="arrow_left.svg" server="C:/wamp64/www/Project-TicTacToe/" local="131344027040000000" remote="131344027040000000" />
<file name="arrow_left_fill.svg" server="C:/wamp64/www/Project-TicTacToe/" local="131344027040000000" remote="131344027040000000" />
<file name="arrow_right.svg" server="C:/wamp64/www/Project-TicTacToe/" local="131344027040000000" remote="131344027040000000" />
<file name="arrow_right_fill.svg" server="C:/wamp64/www/Project-TicTacToe/" local="131344027040000000" remote="131344027040000000" />
<file name="arrow_up.svg" server="C:/wamp64/www/Project-TicTacToe/" local="131344027040000000" remote="131344027040000000" />
<file name="arrow_up_fill.svg" server="C:/wamp64/www/Project-TicTacToe/" local="131344027040000000" remote="131344027040000000" />
<file name="at.svg" server="C:/wamp64/www/Project-TicTacToe/" local="131344027040000000" remote="131344027040000000" />
<file name="at_fill.svg" server="C:/wamp64/www/Project-TicTacToe/" local="131344027040000000" remote="131344027040000000" />
<file name="bag.svg" server="C:/wamp64/www/Project-TicTacToe/" local="131344027040000000" remote="131344027040000000" />
<file name="bag_fill.svg" server="C:/wamp64/www/Project-TicTacToe/" local="131344027040000000" remote="131344027040000000" />
<file name="bars.svg" server="C:/wamp64/www/Project-TicTacToe/" local="131344027040000000" remote="131344027040000000" />
<file name="bell.svg" server="C:/wamp64/www/Project-TicTacToe/" local="131344027040000000" remote="131344027040000000" />
<file name="bell_fill.svg" server="C:/wamp64/www/Project-TicTacToe/" local="131344027040000000" remote="131344027040000000" />
<file name="bolt.svg" server="C:/wamp64/www/Project-TicTacToe/" local="131344027040000000" remote="131344027040000000" />
<file name="bolt_fill.svg" server="C:/wamp64/www/Project-TicTacToe/" local="131344027040000000" remote="131344027040000000" />
<file name="bolt_round.svg" server="C:/wamp64/www/Project-TicTacToe/" local="131344027040000000" remote="131344027040000000" />
<file name="bolt_round_fill.svg" server="C:/wamp64/www/Project-TicTacToe/" local="131344027040000000" remote="131344027040000000" />
<file name="book.svg" server="C:/wamp64/www/Project-TicTacToe/" local="131344027040000000" remote="131344027040000000" />
<file name="bookmark.svg" server="C:/wamp64/www/Project-TicTacToe/" local="131344027040000000" remote="131344027040000000" />
<file name="bookmark_fill.svg" server="C:/wamp64/www/Project-TicTacToe/" local="131344027040000000" remote="131344027040000000" />
<file name="book_fill.svg" server="C:/wamp64/www/Project-TicTacToe/" local="131344027040000000" remote="131344027040000000" />
<file name="box.svg" server="C:/wamp64/www/Project-TicTacToe/" local="131344027040000000" remote="131344027040000000" />
<file name="box_fill.svg" server="C:/wamp64/www/Project-TicTacToe/" local="131344027040000000" remote="131344027040000000" />
<file name="briefcase.svg" server="C:/wamp64/www/Project-TicTacToe/" local="131344027040000000" remote="131344027040000000" />
<file name="briefcase_fill.svg" server="C:/wamp64/www/Project-TicTacToe/" local="131344027040000000" remote="131344027040000000" />
<file name="calendar.svg" server="C:/wamp64/www/Project-TicTacToe/" local="131344027040000000" remote="131344027040000000" />
<file name="calendar_fill.svg" server="C:/wamp64/www/Project-TicTacToe/" local="131344027040000000" remote="131344027040000000" />
<file name="camera.svg" server="C:/wamp64/www/Project-TicTacToe/" local="131344027040000000" remote="131344027040000000" />
<file name="camera_fill.svg" server="C:/wamp64/www/Project-TicTacToe/" local="131344027040000000" remote="131344027040000000" />
<file name="card.svg" server="C:/wamp64/www/Project-TicTacToe/" local="131344027040000000" remote="131344027040000000" />
<file name="card_fill.svg" server="C:/wamp64/www/Project-TicTacToe/" local="131344027040000000" remote="131344027040000000" />
<file name="chat.svg" server="C:/wamp64/www/Project-TicTacToe/" local="131344027040000000" remote="131344027040000000" />
<file name="chats.svg" server="C:/wamp64/www/Project-TicTacToe/" local="131344027040000000" remote="131344027040000000" />
<file name="chats_fill.svg" server="C:/wamp64/www/Project-TicTacToe/" local="131344027040000000" remote="131344027040000000" />
<file name="chat_fill.svg" server="C:/wamp64/www/Project-TicTacToe/" local="131344027040000000" remote="131344027040000000" />
<file name="check.svg" server="C:/wamp64/www/Project-TicTacToe/" local="131344027040000000" remote="131344027040000000" />
<file name="check_round.svg" server="C:/wamp64/www/Project-TicTacToe/" local="131344027040000000" remote="131344027040000000" />
<file name="check_round_fill.svg" server="C:/wamp64/www/Project-TicTacToe/" local="131344027040000000" remote="131344027040000000" />
<file name="chevron_down.svg" server="C:/wamp64/www/Project-TicTacToe/" local="131344027040000000" remote="131344027040000000" />
<file name="chevron_left.svg" server="C:/wamp64/www/Project-TicTacToe/" local="131344027040000000" remote="131344027040000000" />
<file name="chevron_right.svg" server="C:/wamp64/www/Project-TicTacToe/" local="131344027040000000" remote="131344027040000000" />
<file name="chevron_up.svg" server="C:/wamp64/www/Project-TicTacToe/" local="131344027040000000" remote="131344027040000000" />
<file name="circle.svg" server="C:/wamp64/www/Project-TicTacToe/" local="131344027040000000" remote="131344027040000000" />
<file name="circle_fill.svg" server="C:/wamp64/www/Project-TicTacToe/" local="131344027040000000" remote="131344027040000000" />
<file name="circle_half.svg" server="C:/wamp64/www/Project-TicTacToe/" local="131344027040000000" remote="131344027040000000" />
<file name="close.svg" server="C:/wamp64/www/Project-TicTacToe/" local="131344027040000000" remote="131344027040000000" />
<file name="close_round.svg" server="C:/wamp64/www/Project-TicTacToe/" local="131344027040000000" remote="131344027040000000" />
<file name="close_round_fill.svg" server="C:/wamp64/www/Project-TicTacToe/" local="131344027040000000" remote="131344027040000000" />
<file name="cloud.svg" server="C:/wamp64/www/Project-TicTacToe/" local="131344027040000000" remote="131344027040000000" />
<file name="cloud_download.svg" server="C:/wamp64/www/Project-TicTacToe/" local="131344027040000000" remote="131344027040000000" />
<file name="cloud_download_fill.svg" server="C:/wamp64/www/Project-TicTacToe/" local="131344027040000000" remote="131344027040000000" />
<file name="cloud_fill.svg" server="C:/wamp64/www/Project-TicTacToe/" local="131344027040000000" remote="131344027040000000" />
<file name="cloud_upload.svg" server="C:/wamp64/www/Project-TicTacToe/" local="131344027040000000" remote="131344027040000000" />
<file name="cloud_upload_fill.svg" server="C:/wamp64/www/Project-TicTacToe/" local="131344027040000000" remote="131344027040000000" />
<file name="collection.svg" server="C:/wamp64/www/Project-TicTacToe/" local="131344027040000000" remote="131344027040000000" />
<file name="collection_fill.svg" server="C:/wamp64/www/Project-TicTacToe/" local="131344027040000000" remote="131344027040000000" />
<file name="compass.svg" server="C:/wamp64/www/Project-TicTacToe/" local="131344027040000000" remote="131344027040000000" />
<file name="compass_fill.svg" server="C:/wamp64/www/Project-TicTacToe/" local="131344027040000000" remote="131344027040000000" />
<file name="compose.svg" server="C:/wamp64/www/Project-TicTacToe/" local="131344027040000000" remote="131344027040000000" />
<file name="compose_fill.svg" server="C:/wamp64/www/Project-TicTacToe/" local="131344027040000000" remote="131344027040000000" />
<file name="data.svg" server="C:/wamp64/www/Project-TicTacToe/" local="131344027040000000" remote="131344027040000000" />
<file name="data_fill.svg" server="C:/wamp64/www/Project-TicTacToe/" local="131344027040000000" remote="131344027040000000" />
<file name="delete.svg" server="C:/wamp64/www/Project-TicTacToe/" local="131344027040000000" remote="131344027040000000" />
<file name="delete_round.svg" server="C:/wamp64/www/Project-TicTacToe/" local="131344027040000000" remote="131344027040000000" />
<file name="delete_round_fill.svg" server="C:/wamp64/www/Project-TicTacToe/" local="131344027040000000" remote="131344027040000000" />
<file name="document.svg" server="C:/wamp64/www/Project-TicTacToe/" local="131344027040000000" remote="131344027040000000" />
<file name="document_fill.svg" server="C:/wamp64/www/Project-TicTacToe/" local="131344027040000000" remote="131344027040000000" />
<file name="document_text.svg" server="C:/wamp64/www/Project-TicTacToe/" local="131344027040000000" remote="131344027040000000" />
<file name="document_text_fill.svg" server="C:/wamp64/www/Project-TicTacToe/" local="131344027040000000" remote="131344027040000000" />
<file name="down.svg" server="C:/wamp64/www/Project-TicTacToe/" local="131344027040000000" remote="131344027040000000" />
<file name="download.svg" server="C:/wamp64/www/Project-TicTacToe/" local="131344027040000000" remote="131344027040000000" />
<file name="download_fill.svg" server="C:/wamp64/www/Project-TicTacToe/" local="131344027040000000" remote="131344027040000000" />
<file name="download_round.svg" server="C:/wamp64/www/Project-TicTacToe/" local="131344027040000000" remote="131344027040000000" />
<file name="download_round_fill.svg" server="C:/wamp64/www/Project-TicTacToe/" local="131344027040000000" remote="131344027040000000" />
<file name="drawer.svg" server="C:/wamp64/www/Project-TicTacToe/" local="131344027040000000" remote="131344027040000000" />
<file name="drawers.svg" server="C:/wamp64/www/Project-TicTacToe/" local="131344027040000000" remote="131344027040000000" />
<file name="drawers_fill.svg" server="C:/wamp64/www/Project-TicTacToe/" local="131344027040000000" remote="131344027040000000" />
<file name="drawer_fill.svg" server="C:/wamp64/www/Project-TicTacToe/" local="131344027040000000" remote="131344027040000000" />
<file name="email.svg" server="C:/wamp64/www/Project-TicTacToe/" local="131344027040000000" remote="131344027040000000" />
<file name="email_fill.svg" server="C:/wamp64/www/Project-TicTacToe/" local="131344027040000000" remote="131344027040000000" />
<file name="eye.svg" server="C:/wamp64/www/Project-TicTacToe/" local="131344027040000000" remote="131344027040000000" />
<file name="eye_fill.svg" server="C:/wamp64/www/Project-TicTacToe/" local="131344027040000000" remote="131344027040000000" />
<file name="fastforward.svg" server="C:/wamp64/www/Project-TicTacToe/" local="131344027040000000" remote="131344027040000000" />
<file name="fastforward_fill.svg" server="C:/wamp64/www/Project-TicTacToe/" local="131344027040000000" remote="131344027040000000" />
<file name="fastforward_round.svg" server="C:/wamp64/www/Project-TicTacToe/" local="131344027040000000" remote="131344027040000000" />
<file name="fastforward_round_fill.svg" server="C:/wamp64/www/Project-TicTacToe/" local="131344027040000000" remote="131344027040000000" />
<file name="favorites.svg" server="C:/wamp64/www/Project-TicTacToe/" local="131344027040000000" remote="131344027040000000" />
<file name="favorites_fill.svg" server="C:/wamp64/www/Project-TicTacToe/" local="131344027040000000" remote="131344027040000000" />
<file name="film.svg" server="C:/wamp64/www/Project-TicTacToe/" local="131344027040000000" remote="131344027040000000" />
<file name="film_fill.svg" server="C:/wamp64/www/Project-TicTacToe/" local="131344027040000000" remote="131344027040000000" />
<file name="filter-fill.svg" server="C:/wamp64/www/Project-TicTacToe/" local="131344027040000000" remote="131344027040000000" />
<file name="filter.svg" server="C:/wamp64/www/Project-TicTacToe/" local="131344027040000000" remote="131344027040000000" />
<file name="flag.svg" server="C:/wamp64/www/Project-TicTacToe/" local="131344027040000000" remote="131344027040000000" />
<file name="flag_fill.svg" server="C:/wamp64/www/Project-TicTacToe/" local="131344027040000000" remote="131344027040000000" />
<file name="folder.svg" server="C:/wamp64/www/Project-TicTacToe/" local="131344027040000000" remote="131344027040000000" />
<file name="folder_fill.svg" server="C:/wamp64/www/Project-TicTacToe/" local="131344027040000000" remote="131344027040000000" />
<file name="forward.svg" server="C:/wamp64/www/Project-TicTacToe/" local="131344027040000000" remote="131344027040000000" />
<file name="forward_fill.svg" server="C:/wamp64/www/Project-TicTacToe/" local="131344027040000000" remote="131344027040000000" />
<file name="gear.svg" server="C:/wamp64/www/Project-TicTacToe/" local="131344027040000000" remote="131344027040000000" />
<file name="gear_fill.svg" server="C:/wamp64/www/Project-TicTacToe/" local="131344027040000000" remote="131344027040000000" />
<file name="graph_round.svg" server="C:/wamp64/www/Project-TicTacToe/" local="131344027040000000" remote="131344027040000000" />
<file name="graph_round_fill.svg" server="C:/wamp64/www/Project-TicTacToe/" local="131344027040000000" remote="131344027040000000" />
<file name="graph_square.svg" server="C:/wamp64/www/Project-TicTacToe/" local="131344027040000000" remote="131344027040000000" />
<file name="graph_square_fill.svg" server="C:/wamp64/www/Project-TicTacToe/" local="131344027040000000" remote="131344027040000000" />
<file name="heart.svg" server="C:/wamp64/www/Project-TicTacToe/" local="131344027040000000" remote="131344027040000000" />
<file name="heart_fill.svg" server="C:/wamp64/www/Project-TicTacToe/" local="131344027040000000" remote="131344027040000000" />
<file name="help.svg" server="C:/wamp64/www/Project-TicTacToe/" local="131344027040000000" remote="131344027040000000" />
<file name="help_fill.svg" server="C:/wamp64/www/Project-TicTacToe/" local="131344027040000000" remote="131344027040000000" />
<file name="home.svg" server="C:/wamp64/www/Project-TicTacToe/" local="131344027040000000" remote="131344027040000000" />
<file name="home_fill.svg" server="C:/wamp64/www/Project-TicTacToe/" local="131558833380000000" remote="131558833380000000" />
<file name="images.svg" server="C:/wamp64/www/Project-TicTacToe/" local="131344027040000000" remote="131344027040000000" />
<file name="images_fill.svg" server="C:/wamp64/www/Project-TicTacToe/" local="131344027040000000" remote="131344027040000000" />
<file name="info.svg" server="C:/wamp64/www/Project-TicTacToe/" local="131344027040000000" remote="131344027040000000" />
<file name="info_fill.svg" server="C:/wamp64/www/Project-TicTacToe/" local="131344027040000000" remote="131344027040000000" />
<file name="keyboard.svg" server="C:/wamp64/www/Project-TicTacToe/" local="131344027040000000" remote="131344027040000000" />
<file name="keyboard_fill.svg" server="C:/wamp64/www/Project-TicTacToe/" local="131344027040000000" remote="131344027040000000" />
<file name="layers.svg" server="C:/wamp64/www/Project-TicTacToe/" local="131344027040000000" remote="131344027040000000" />
<file name="layers_fill.svg" server="C:/wamp64/www/Project-TicTacToe/" local="131344027040000000" remote="131344027040000000" />
<file name="left.svg" server="C:/wamp64/www/Project-TicTacToe/" local="131344027040000000" remote="131344027040000000" />
<file name="list.svg" server="C:/wamp64/www/Project-TicTacToe/" local="131344027040000000" remote="131344027040000000" />
<file name="list_fill.svg" server="C:/wamp64/www/Project-TicTacToe/" local="131344027040000000" remote="131344027040000000" />
<file name="lock.svg" server="C:/wamp64/www/Project-TicTacToe/" local="131344027040000000" remote="131344027040000000" />
<file name="lock_fill.svg" server="C:/wamp64/www/Project-TicTacToe/" local="131344027040000000" remote="131344027040000000" />
<file name="login.svg" server="C:/wamp64/www/Project-TicTacToe/" local="131344027040000000" remote="131344027040000000" />
<file name="login_fill.svg" server="C:/wamp64/www/Project-TicTacToe/" local="131563483360000000" remote="131563483360000000" />
<file name="logout.svg" server="C:/wamp64/www/Project-TicTacToe/" local="131344027040000000" remote="131344027040000000" />
<file name="logout_fill.svg" server="C:/wamp64/www/Project-TicTacToe/" local="131344027040000000" remote="131344027040000000" />
<file name="menu.svg" server="C:/wamp64/www/Project-TicTacToe/" local="131344027040000000" remote="131344027040000000" />
<file name="mic.svg" server="C:/wamp64/www/Project-TicTacToe/" local="131344027040000000" remote="131344027040000000" />
<file name="mic_fill.svg" server="C:/wamp64/www/Project-TicTacToe/" local="131344027040000000" remote="131344027040000000" />
<file name="money_dollar.svg" server="C:/wamp64/www/Project-TicTacToe/" local="131344027040000000" remote="131344027040000000" />
<file name="money_dollar_fill.svg" server="C:/wamp64/www/Project-TicTacToe/" local="131344027040000000" remote="131344027040000000" />
<file name="money_euro.svg" server="C:/wamp64/www/Project-TicTacToe/" local="131344027040000000" remote="131344027040000000" />
<file name="money_euro_fill.svg" server="C:/wamp64/www/Project-TicTacToe/" local="131344027040000000" remote="131344027040000000" />
<file name="money_pound.svg" server="C:/wamp64/www/Project-TicTacToe/" local="131344027040000000" remote="131344027040000000" />
<file name="money_pound_fill.svg" server="C:/wamp64/www/Project-TicTacToe/" local="131344027040000000" remote="131344027040000000" />
<file name="money_rubl.svg" server="C:/wamp64/www/Project-TicTacToe/" local="131344027040000000" remote="131344027040000000" />
<file name="money_rubl_fill.svg" server="C:/wamp64/www/Project-TicTacToe/" local="131344027040000000" remote="131344027040000000" />
<file name="money_yen.svg" server="C:/wamp64/www/Project-TicTacToe/" local="131344027040000000" remote="131344027040000000" />
<file name="money_yen_fill.svg" server="C:/wamp64/www/Project-TicTacToe/" local="131344027040000000" remote="131344027040000000" />
<file name="more.svg" server="C:/wamp64/www/Project-TicTacToe/" local="131344027040000000" remote="131344027040000000" />
<file name="more_fill.svg" server="C:/wamp64/www/Project-TicTacToe/" local="131344027040000000" remote="131344027040000000" />
<file name="more_round.svg" server="C:/wamp64/www/Project-TicTacToe/" local="131344027040000000" remote="131344027040000000" />
<file name="more_round_fill.svg" server="C:/wamp64/www/Project-TicTacToe/" local="131344027040000000" remote="131344027040000000" />
<file name="more_vertical.svg" server="C:/wamp64/www/Project-TicTacToe/" local="131344027040000000" remote="131344027040000000" />
<file name="more_vertical_fill.svg" server="C:/wamp64/www/Project-TicTacToe/" local="131344027040000000" remote="131344027040000000" />
<file name="more_vertical_round.svg" server="C:/wamp64/www/Project-TicTacToe/" local="131344027040000000" remote="131344027040000000" />
<file name="more_vertical_round_fill.svg" server="C:/wamp64/www/Project-TicTacToe/" local="131344027040000000" remote="131344027040000000" />
<file name="navigation.svg" server="C:/wamp64/www/Project-TicTacToe/" local="131344027040000000" remote="131344027040000000" />
<file name="navigation_fill.svg" server="C:/wamp64/www/Project-TicTacToe/" local="131563488200000000" remote="131563488200000000" />
<file name="paper_plane.svg" server="C:/wamp64/www/Project-TicTacToe/" local="131344027040000000" remote="131344027040000000" />
<file name="paper_plane_fill.svg" server="C:/wamp64/www/Project-TicTacToe/" local="131344027040000000" remote="131344027040000000" />
<file name="pause.svg" server="C:/wamp64/www/Project-TicTacToe/" local="131344027040000000" remote="131344027040000000" />
<file name="pause_fill.svg" server="C:/wamp64/www/Project-TicTacToe/" local="131344027040000000" remote="131344027040000000" />
<file name="pause_round.svg" server="C:/wamp64/www/Project-TicTacToe/" local="131344027040000000" remote="131344027040000000" />
<file name="pause_round_fill.svg" server="C:/wamp64/www/Project-TicTacToe/" local="131344027040000000" remote="131344027040000000" />
<file name="person.svg" server="C:/wamp64/www/Project-TicTacToe/" local="131344027040000000" remote="131344027040000000" />
<file name="persons.svg" server="C:/wamp64/www/Project-TicTacToe/" local="131344027040000000" remote="131344027040000000" />
<file name="persons_fill.svg" server="C:/wamp64/www/Project-TicTacToe/" local="131344027040000000" remote="131344027040000000" />
<file name="person_fill.svg" server="C:/wamp64/www/Project-TicTacToe/" local="131559987060000000" remote="131559987060000000" />
<file name="phone.svg" server="C:/wamp64/www/Project-TicTacToe/" local="131344027040000000" remote="131344027040000000" />
<file name="phone_fill.svg" server="C:/wamp64/www/Project-TicTacToe/" local="131344027040000000" remote="131344027040000000" />
<file name="phone_round.svg" server="C:/wamp64/www/Project-TicTacToe/" local="131344027040000000" remote="131344027040000000" />
<file name="phone_round_fill.svg" server="C:/wamp64/www/Project-TicTacToe/" local="131344027040000000" remote="131344027040000000" />
<file name="photos.svg" server="C:/wamp64/www/Project-TicTacToe/" local="131344027040000000" remote="131344027040000000" />
<file name="photos_fill.svg" server="C:/wamp64/www/Project-TicTacToe/" local="131344027040000000" remote="131344027040000000" />
<file name="pie.svg" server="C:/wamp64/www/Project-TicTacToe/" local="131344027040000000" remote="131344027040000000" />
<file name="pie_fill.svg" server="C:/wamp64/www/Project-TicTacToe/" local="131344027040000000" remote="131344027040000000" />
<file name="play.svg" server="C:/wamp64/www/Project-TicTacToe/" local="131344027040000000" remote="131344027040000000" />
<file name="play_fill.svg" server="C:/wamp64/www/Project-TicTacToe/" local="131344027040000000" remote="131344027040000000" />
<file name="play_round.svg" server="C:/wamp64/www/Project-TicTacToe/" local="131344027040000000" remote="131344027040000000" />
<file name="play_round_fill.svg" server="C:/wamp64/www/Project-TicTacToe/" local="131344027040000000" remote="131344027040000000" />
<file name="radio.svg" server="C:/wamp64/www/Project-TicTacToe/" local="131344027040000000" remote="131344027040000000" />
<file name="redo.svg" server="C:/wamp64/www/Project-TicTacToe/" local="131344027040000000" remote="131344027040000000" />
<file name="refresh.svg" server="C:/wamp64/www/Project-TicTacToe/" local="131344027040000000" remote="131344027040000000" />
<file name="refresh_round.svg" server="C:/wamp64/www/Project-TicTacToe/" local="131344027040000000" remote="131344027040000000" />
<file name="refresh_round_fill.svg" server="C:/wamp64/www/Project-TicTacToe/" local="131344027040000000" remote="131344027040000000" />
<file name="reload.svg" server="C:/wamp64/www/Project-TicTacToe/" local="131344027040000000" remote="131344027040000000" />
<file name="reload_round.svg" server="C:/wamp64/www/Project-TicTacToe/" local="131344027040000000" remote="131344027040000000" />
<file name="reload_round_fill.svg" server="C:/wamp64/www/Project-TicTacToe/" local="131344027040000000" remote="131344027040000000" />
<file name="reply.svg" server="C:/wamp64/www/Project-TicTacToe/" local="131344027040000000" remote="131344027040000000" />
<file name="reply_fill.svg" server="C:/wamp64/www/Project-TicTacToe/" local="131344027040000000" remote="131344027040000000" />
<file name="rewind.svg" server="C:/wamp64/www/Project-TicTacToe/" local="131344027040000000" remote="131344027040000000" />
<file name="rewind_fill.svg" server="C:/wamp64/www/Project-TicTacToe/" local="131344027040000000" remote="131344027040000000" />
<file name="rewind_round.svg" server="C:/wamp64/www/Project-TicTacToe/" local="131344027040000000" remote="131344027040000000" />
<file name="rewind_round_fill.svg" server="C:/wamp64/www/Project-TicTacToe/" local="131344027040000000" remote="131344027040000000" />
<file name="right.svg" server="C:/wamp64/www/Project-TicTacToe/" local="131344027040000000" remote="131344027040000000" />
<file name="search.svg" server="C:/wamp64/www/Project-TicTacToe/" local="131344027040000000" remote="131344027040000000" />
<file name="search_strong.svg" server="C:/wamp64/www/Project-TicTacToe/" local="131344027040000000" remote="131344027040000000" />
<file name="settings.svg" server="C:/wamp64/www/Project-TicTacToe/" local="131344027040000000" remote="131344027040000000" />
<file name="settings_fill.svg" server="C:/wamp64/www/Project-TicTacToe/" local="131344027040000000" remote="131344027040000000" />
<file name="share.svg" server="C:/wamp64/www/Project-TicTacToe/" local="131344027040000000" remote="131344027040000000" />
<file name="share_fill.svg" server="C:/wamp64/www/Project-TicTacToe/" local="131344027040000000" remote="131344027040000000" />
<file name="social_facebook.svg" server="C:/wamp64/www/Project-TicTacToe/" local="131344027040000000" remote="131344027040000000" />
<file name="social_facebook_fill.svg" server="C:/wamp64/www/Project-TicTacToe/" local="131344027040000000" remote="131344027040000000" />
<file name="social_github.svg" server="C:/wamp64/www/Project-TicTacToe/" local="131344027040000000" remote="131344027040000000" />
<file name="social_github_fill.svg" server="C:/wamp64/www/Project-TicTacToe/" local="131344027040000000" remote="131344027040000000" />
<file name="social_googleplus.svg" server="C:/wamp64/www/Project-TicTacToe/" local="131344027040000000" remote="131344027040000000" />
<file name="social_instagram.svg" server="C:/wamp64/www/Project-TicTacToe/" local="131344027040000000" remote="131344027040000000" />
<file name="social_instagram_fill.svg" server="C:/wamp64/www/Project-TicTacToe/" local="131344027040000000" remote="131344027040000000" />
<file name="social_linkedin.svg" server="C:/wamp64/www/Project-TicTacToe/" local="131344027040000000" remote="131344027040000000" />
<file name="social_linkedin_fill.svg" server="C:/wamp64/www/Project-TicTacToe/" local="131344027040000000" remote="131344027040000000" />
<file name="social_rss.svg" server="C:/wamp64/www/Project-TicTacToe/" local="131344027040000000" remote="131344027040000000" />
<file name="social_rss_fill.svg" server="C:/wamp64/www/Project-TicTacToe/" local="131344027040000000" remote="131344027040000000" />
<file name="social_twitter.svg" server="C:/wamp64/www/Project-TicTacToe/" local="131344027040000000" remote="131344027040000000" />
<file name="social_twitter_fill.svg" server="C:/wamp64/www/Project-TicTacToe/" local="131344027040000000" remote="131344027040000000" />
<file name="sort.svg" server="C:/wamp64/www/Project-TicTacToe/" local="131344027040000000" remote="131344027040000000" />
<file name="sort_fill.svg" server="C:/wamp64/www/Project-TicTacToe/" local="131344027040000000" remote="131344027040000000" />
<file name="star.svg" server="C:/wamp64/www/Project-TicTacToe/" local="131344027040000000" remote="131344027040000000" />
<file name="star_fill.svg" server="C:/wamp64/www/Project-TicTacToe/" local="131344027040000000" remote="131344027040000000" />
<file name="star_half.svg" server="C:/wamp64/www/Project-TicTacToe/" local="131344027040000000" remote="131344027040000000" />
<file name="stopwatch.svg" server="C:/wamp64/www/Project-TicTacToe/" local="131344027040000000" remote="131344027040000000" />
<file name="stopwatch_fill.svg" server="C:/wamp64/www/Project-TicTacToe/" local="131344027040000000" remote="131344027040000000" />
<file name="tabs.svg" server="C:/wamp64/www/Project-TicTacToe/" local="131344027040000000" remote="131344027040000000" />
<file name="tabs_fill.svg" server="C:/wamp64/www/Project-TicTacToe/" local="131344027040000000" remote="131344027040000000" />
<file name="tags.svg" server="C:/wamp64/www/Project-TicTacToe/" local="131344027040000000" remote="131344027040000000" />
<file name="tags_fill.svg" server="C:/wamp64/www/Project-TicTacToe/" local="131344027040000000" remote="131344027040000000" />
<file name="tape.svg" server="C:/wamp64/www/Project-TicTacToe/" local="131344027040000000" remote="131344027040000000" />
<file name="tape_fill.svg" server="C:/wamp64/www/Project-TicTacToe/" local="131344027040000000" remote="131344027040000000" />
<file name="ticket.svg" server="C:/wamp64/www/Project-TicTacToe/" local="131344027040000000" remote="131344027040000000" />
<file name="ticket_fill.svg" server="C:/wamp64/www/Project-TicTacToe/" local="131344027040000000" remote="131344027040000000" />
<file name="time.svg" server="C:/wamp64/www/Project-TicTacToe/" local="131344027040000000" remote="131344027040000000" />
<file name="timer.svg" server="C:/wamp64/www/Project-TicTacToe/" local="131344027040000000" remote="131344027040000000" />
<file name="timer_fill.svg" server="C:/wamp64/www/Project-TicTacToe/" local="131344027040000000" remote="131344027040000000" />
<file name="time_fill.svg" server="C:/wamp64/www/Project-TicTacToe/" local="131344027040000000" remote="131344027040000000" />
<file name="today.svg" server="C:/wamp64/www/Project-TicTacToe/" local="131344027040000000" remote="131344027040000000" />
<file name="today_fill.svg" server="C:/wamp64/www/Project-TicTacToe/" local="131344027040000000" remote="131344027040000000" />
<file name="trash.svg" server="C:/wamp64/www/Project-TicTacToe/" local="131344027040000000" remote="131344027040000000" />
<file name="trash_fill.svg" server="C:/wamp64/www/Project-TicTacToe/" local="131344027040000000" remote="131344027040000000" />
<file name="tune.svg" server="C:/wamp64/www/Project-TicTacToe/" local="131344027040000000" remote="131344027040000000" />
<file name="tune_fill.svg" server="C:/wamp64/www/Project-TicTacToe/" local="131344027040000000" remote="131344027040000000" />
<file name="undo.svg" server="C:/wamp64/www/Project-TicTacToe/" local="131344027040000000" remote="131344027040000000" />
<file name="unlock.svg" server="C:/wamp64/www/Project-TicTacToe/" local="131344027040000000" remote="131344027040000000" />
<file name="unlock_fill.svg" server="C:/wamp64/www/Project-TicTacToe/" local="131344027040000000" remote="131344027040000000" />
<file name="up.svg" server="C:/wamp64/www/Project-TicTacToe/" local="131344027040000000" remote="131344027040000000" />
<file name="videocam.svg" server="C:/wamp64/www/Project-TicTacToe/" local="131344027040000000" remote="131344027040000000" />
<file name="videocam_fill.svg" server="C:/wamp64/www/Project-TicTacToe/" local="131344027040000000" remote="131344027040000000" />
<file name="videocam_round.svg" server="C:/wamp64/www/Project-TicTacToe/" local="131344027040000000" remote="131344027040000000" />
<file name="videocam_round_fill.svg" server="C:/wamp64/www/Project-TicTacToe/" local="131344027040000000" remote="131344027040000000" />
<file name="volume.svg" server="C:/wamp64/www/Project-TicTacToe/" local="131344027040000000" remote="131344027040000000" />
<file name="volume_fill.svg" server="C:/wamp64/www/Project-TicTacToe/" local="131344027040000000" remote="131344027040000000" />
<file name="volume_low.svg" server="C:/wamp64/www/Project-TicTacToe/" local="131344027040000000" remote="131344027040000000" />
<file name="volume_low_fill.svg" server="C:/wamp64/www/Project-TicTacToe/" local="131344027040000000" remote="131344027040000000" />
<file name="volume_mute.svg" server="C:/wamp64/www/Project-TicTacToe/" local="131344027040000000" remote="131344027040000000" />
<file name="volume_mute_fill.svg" server="C:/wamp64/www/Project-TicTacToe/" local="131344027040000000" remote="131344027040000000" />
<file name="world.svg" server="C:/wamp64/www/Project-TicTacToe/" local="131344027040000000" remote="131344027040000000" />
<file name="world_fill.svg" server="C:/wamp64/www/Project-TicTacToe/" local="131344027040000000" remote="131344027040000000" />
<file name="zoom_in.svg" server="C:/wamp64/www/Project-TicTacToe/" local="131344027040000000" remote="131344027040000000" />
<file name="zoom_out.svg" server="C:/wamp64/www/Project-TicTacToe/" local="131344027040000000" remote="131344027040000000" />
</dwsync>